#,MeterName,EndUseType,SpecificEndUse,FuelType,Frequency
0,"Refrig:ExteriorEquipment:Electricity","not found","Refrig","Electricity","Hourly",unknown
0,"Fans:Coal","Fans","","not found","Hourly",unknown
1,"Fans:Electricity","Fans","","Electricity","Hourly",success,1.24125e+11
1,"Cogeneration:Electricity","Cogeneration","","Electricity","Hourly",error retrieving TimeSeries
1,"Heating:DistrictCooling","Heating","","DistrictCooling","Hourly",unknown
1,"Receptacle:InteriorEquipment:NaturalGas","InteriorEquipment","Receptacle","Gas","Hourly",error retrieving TimeSeries
1,"ExteriorEquipment:Coal","ExteriorEquipment","","not found","Hourly",unknown
1,"Cogeneration:DistrictHeatingWater","Cogeneration","","DistrictHeating","Hourly",unknown
1,"Electricity:Facility","enduse uninitialized","","Electricity","Hourly",unknown
2,"InteriorLights:Electricity","InteriorLights","","Electricity","Hourly",success,7.78288e+10
2,"ExteriorLights:Electricity","ExteriorLights","","Electricity","Hourly",error retrieving TimeSeries
3,"InteriorEquipment:Electricity","InteriorEquipment","","Electricity","Hourly",success,7.97168e+10
3,"ExteriorEquipment:Electricity","ExteriorEquipment","","Electricity","Hourly",error retrieving TimeSeries
4,"Pumps:Electricity","Pumps","","Electricity","Hourly",success,0
5,"Heating:Electricity","Heating","","Electricity","Hourly",success,0
6,"Cooling:Electricity","Cooling","","Electricity","Hourly",success,2.63572e+09
6,"HeatRejection:Electricity","HeatRejection","","Electricity","Hourly",error retrieving TimeSeries
6,"Humidifier:Electricity","Humidifier","","Electricity","Hourly",error retrieving TimeSeries
6,"HeatRecovery:Electricity","HeatRecovery","","Electricity","Hourly",error retrieving TimeSeries
6,"WaterSystems:Electricity","WaterSystems","","Electricity","Hourly",error retrieving TimeSeries
6,"Refrigeration:Electricity","Refrigeration","","Electricity","Hourly",error retrieving TimeSeries
6,"Chillers:Electricity","not found","","Electricity","Hourly",unknown
6,"NaturalGas:Facility","enduse uninitialized","","Gas","Hourly",unknown
6,"InteriorLights:NaturalGas","InteriorLights","","Gas","Hourly",error retrieving TimeSeries
6,"ExteriorLights:NaturalGas","ExteriorLights","","Gas","Hourly",error retrieving TimeSeries
6,"InteriorEquipment:NaturalGas","InteriorEquipment","","Gas","Hourly",error retrieving TimeSeries
6,"ExteriorEquipment:NaturalGas","ExteriorEquipment","","Gas","Hourly",error retrieving TimeSeries
6,"Fans:NaturalGas","Fans","","Gas","Hourly",error retrieving TimeSeries
6,"Pumps:NaturalGas","Pumps","","Gas","Hourly",error retrieving TimeSeries
7,"Heating:NaturalGas","Heating","","Gas","Hourly",success,1.0684e+11
7,"Cooling:NaturalGas","Cooling","","Gas","Hourly",error retrieving TimeSeries
7,"HeatRejection:NaturalGas","HeatRejection","","Gas","Hourly",error retrieving TimeSeries
7,"Humidifier:NaturalGas","Humidifier","","Gas","Hourly",error retrieving TimeSeries
7,"HeatRecovery:NaturalGas","HeatRecovery","","Gas","Hourly",error retrieving TimeSeries
8,"WaterSystems:NaturalGas","WaterSystems","","Gas","Hourly",success,1.69472e+10
8,"Cogeneration:NaturalGas","Cogeneration","","Gas","Hourly",error retrieving TimeSeries
8,"Refrigeration:NaturalGas","Refrigeration","","Gas","Hourly",error retrieving TimeSeries
8,"Chillers:NaturalGas","not found","","Gas","Hourly",unknown
8,"Coal:Facility","enduse uninitialized","","not found","Hourly",unknown
8,"InteriorLights:Coal","InteriorLights","","not found","Hourly",unknown
8,"ExteriorLights:Coal","ExteriorLights","","not found","Hourly",unknown
8,"InteriorEquipment:Coal","InteriorEquipment","","not found","Hourly",unknown
8,"Pumps:Coal","Pumps","","not found","Hourly",unknown
8,"Heating:Coal","Heating","","not found","Hourly",unknown
8,"Cooling:Coal","Cooling","","not found","Hourly",unknown
8,"HeatRejection:Coal","HeatRejection","","not found","Hourly",unknown
8,"Humidifier:Coal","Humidifier","","not found","Hourly",unknown
8,"HeatRecovery:Coal","HeatRecovery","","not found","Hourly",unknown
8,"WaterSystems:Coal","WaterSystems","","not found","Hourly",unknown
8,"Cogeneration:Coal","Cogeneration","","not found","Hourly",unknown
8,"Refrigeration:Coal","Refrigeration","","not found","Hourly",unknown
8,"Chillers:Coal","not found","","not found","Hourly",unknown
8,"DistrictCooling:Facility","enduse uninitialized","","DistrictCooling","Hourly",unknown
8,"InteriorLights:DistrictCooling","InteriorLights","","DistrictCooling","Hourly",unknown
8,"ExteriorLights:DistrictCooling","ExteriorLights","","DistrictCooling","Hourly",unknown
8,"InteriorEquipment:DistrictCooling","InteriorEquipment","","DistrictCooling","Hourly",unknown
8,"ExteriorEquipment:DistrictCooling","ExteriorEquipment","","DistrictCooling","Hourly",unknown
8,"Fans:DistrictCooling","Fans","","DistrictCooling","Hourly",unknown
8,"Pumps:DistrictCooling","Pumps","","DistrictCooling","Hourly",unknown
8,"Cooling:DistrictCooling","Cooling","","DistrictCooling","Hourly",unknown
8,"HeatRejection:DistrictCooling","HeatRejection","","DistrictCooling","Hourly",unknown
8,"Humidifier:DistrictCooling","Humidifier","","DistrictCooling","Hourly",unknown
8,"HeatRecovery:DistrictCooling","HeatRecovery","","DistrictCooling","Hourly",unknown
8,"WaterSystems:DistrictCooling","WaterSystems","","DistrictCooling","Hourly",unknown
8,"Cogeneration:DistrictCooling","Cogeneration","","DistrictCooling","Hourly",unknown
8,"Refrigeration:DistrictCooling","Refrigeration","","DistrictCooling","Hourly",unknown
8,"Chillers:DistrictCooling","not found","","DistrictCooling","Hourly",unknown
8,"DistrictHeatingWater:Facility","enduse uninitialized","","DistrictHeating","Hourly",unknown
8,"InteriorLights:DistrictHeatingWater","InteriorLights","","DistrictHeating","Hourly",unknown
8,"ExteriorLights:DistrictHeatingWater","ExteriorLights","","DistrictHeating","Hourly",unknown
8,"InteriorEquipment:DistrictHeatingWater","InteriorEquipment","","DistrictHeating","Hourly",unknown
8,"ExteriorEquipment:DistrictHeatingWater","ExteriorEquipment","","DistrictHeating","Hourly",unknown
8,"Fans:DistrictHeatingWater","Fans","","DistrictHeating","Hourly",unknown
8,"Pumps:DistrictHeatingWater","Pumps","","DistrictHeating","Hourly",unknown
8,"Heating:DistrictHeatingWater","Heating","","DistrictHeating","Hourly",unknown
8,"Cooling:DistrictHeatingWater","Cooling","","DistrictHeating","Hourly",unknown
8,"HeatRejection:DistrictHeatingWater","HeatRejection","","DistrictHeating","Hourly",unknown
8,"Humidifier:DistrictHeatingWater","Humidifier","","DistrictHeating","Hourly",unknown
8,"HeatRecovery:DistrictHeatingWater","HeatRecovery","","DistrictHeating","Hourly",unknown
8,"WaterSystems:DistrictHeatingWater","WaterSystems","","DistrictHeating","Hourly",unknown
8,"Refrigeration:DistrictHeatingWater","Refrigeration","","DistrictHeating","Hourly",unknown
8,"Chillers:DistrictHeatingWater","not found","","DistrictHeating","Hourly",unknown
9,"Receptacle:InteriorEquipment:Electricity","InteriorEquipment","Receptacle","Electricity","Hourly",success,7.26212e+10
9,"Process:InteriorEquipment:Electricity","InteriorEquipment","Process","Electricity","Hourly",error retrieving TimeSeries
9,"Refrig:InteriorEquipment:Electricity","InteriorEquipment","Refrig","Electricity","Hourly",error retrieving TimeSeries
10,"Internal Transport:InteriorEquipment:Electricity","InteriorEquipment","Internal Transport","Electricity","Hourly",success,7.0956e+09
10,"Receptacle:ExteriorEquipment:Electricity","not found","Receptacle","Electricity","Hourly",unknown
10,"Process:ExteriorEquipment:Electricity","not found","Process","Electricity","Hourly",unknown
10,"Process:InteriorEquipment:NaturalGas","InteriorEquipment","Process","Gas","Hourly",error retrieving TimeSeries
10,"Receptacle:ExteriorEquipment:NaturalGas","not found","Receptacle","Gas","Hourly",unknown
10,"Process:ExteriorEquipment:NaturalGas","not found","Process","Gas","Hourly",unknown
11,"ComplianceLtg:InteriorLights:Electricity","InteriorLights","ComplianceLtg","Electricity","Hourly",success,7.78288e+10
11,"NonComplianceLtg:InteriorLights:Electricity","InteriorLights","NonComplianceLtg","Electricity","Hourly",error retrieving TimeSeries
11,"Reg Ltg:ExteriorLights:Electricity","not found","Reg Ltg","Electricity","Hourly",unknown
11,"NonReg Ltg:ExteriorLights:Electricity","not found","NonReg Ltg","Electricity","Hourly",unknown
